"","SNP","effect_allele.exposure","other_allele.exposure","effect_allele.outcome","other_allele.outcome","beta.exposure","beta.outcome","eaf.exposure","eaf.outcome","remove","palindromic","ambiguous","id.outcome","chr","pos","se.outcome","samplesize.outcome","pval.outcome","outcome","originalname.outcome","outcome.deprecated","mr_keep.outcome","data_source.outcome","proxy.outcome","target_snp.outcome","proxy_snp.outcome","target_a1.outcome","target_a2.outcome","proxy_a1.outcome","proxy_a2.outcome","pval.exposure","pos.exposure","se.exposure","chr.exposure","samplesize.exposure","id.exposure","exposure","mr_keep.exposure","pval_origin.exposure","data_source.exposure","action","SNP_index","mr_keep","EAF2","MAF","PVE","FSTAT"
"1","rs10520163","C","T","C","T",-0.0608975,0.000315012,0.499445,0.499445,FALSE,FALSE,FALSE,"ukb-b-19255","4","170626552",0.000210924,460340,0.14,"Fractured bone site(s): Arm || id:ukb-b-19255","Fractured bone site(s): Arm","Fractured bone site(s): Arm ||  || ",TRUE,"igd",NA,NA,NA,NA,NA,NA,NA,1.02e-08,170626552,0.0106,"4",82315,"ieu-a-22","Schizophrenia || id:ieu-a-22",TRUE,"reported","igd",2,1,TRUE,0.500555,0.499445,0.000400805906058159,33.0047650501254
"2","rs10791097","G","T","G","T",-0.0739008,-2.83551e-07,0.526467,0.526467,FALSE,FALSE,FALSE,"ukb-b-19255","11","130718630",0.000210695,460340,1,"Fractured bone site(s): Arm || id:ukb-b-19255","Fractured bone site(s): Arm","Fractured bone site(s): Arm ||  || ",TRUE,"igd",NA,NA,NA,NA,NA,NA,NA,2.87607e-12,130718630,0.0106,"11",82315,"ieu-a-22","Schizophrenia || id:ieu-a-22",TRUE,"reported","igd",2,1,TRUE,0.473533,0.473533,0.000590134763397274,48.6044459527322
"3","rs11027857","A","G","A","G",0.0625991,-0.000231819,0.515509,0.515509,FALSE,FALSE,FALSE,"ukb-b-19255","11","24403620",0.000209859,460340,0.27,"Fractured bone site(s): Arm || id:ukb-b-19255","Fractured bone site(s): Arm","Fractured bone site(s): Arm ||  || ",TRUE,"igd",NA,NA,NA,NA,NA,NA,NA,3.21004e-09,24403620,0.0106,"11",82315,"ieu-a-22","Schizophrenia || id:ieu-a-22",TRUE,"reported","igd",2,1,TRUE,0.484491,0.484491,0.00042350788393967,34.8749742772847
"4","rs1106568","A","G","A","G",-0.0694037,-6.56408e-05,0.758736,0.758736,FALSE,FALSE,FALSE,"ukb-b-19255","4","176861301",0.000245574,460340,0.79,"Fractured bone site(s): Arm || id:ukb-b-19255","Fractured bone site(s): Arm","Fractured bone site(s): Arm ||  || ",TRUE,"igd",NA,NA,NA,NA,NA,NA,NA,1.14501e-08,176861301,0.0122,"4",82315,"ieu-a-22","Schizophrenia || id:ieu-a-22",TRUE,"reported","igd",2,1,TRUE,0.241264,0.241264,0.000393003023239034,32.3619762063617
"5","rs11139497","A","T","A","T",0.0680044,2.11429e-06,0.327499,0.327499,FALSE,TRUE,TRUE,"ukb-b-19255","9","84739941",0.000223699,460340,0.99,"Fractured bone site(s): Arm || id:ukb-b-19255","Fractured bone site(s): Arm","Fractured bone site(s): Arm ||  || ",TRUE,"igd",NA,NA,NA,NA,NA,NA,NA,3.09001e-09,84739941,0.0115,"9",82315,"ieu-a-22","Schizophrenia || id:ieu-a-22",TRUE,"reported","igd",2,1,FALSE,0.672501,0.327499,0.00042463413984185,34.9677584568367
"6","rs11191419","A","T","A","T",-0.0979988,-0.000241045,0.329064,0.329064,FALSE,TRUE,TRUE,"ukb-b-19255","10","104612335",0.000223314,460340,0.28,"Fractured bone site(s): Arm || id:ukb-b-19255","Fractured bone site(s): Arm","Fractured bone site(s): Arm ||  || ",TRUE,"igd",NA,NA,NA,NA,NA,NA,NA,9.23422e-18,104612335,0.0114,"10",82315,"ieu-a-22","Schizophrenia || id:ieu-a-22",TRUE,"reported","igd",2,1,FALSE,0.670936,0.329064,0.000896939437043992,73.8960561684216
"7","rs11210892","A","G","A","G",-0.0695001,0.000592865,0.674013,0.674013,FALSE,FALSE,FALSE,"ukb-b-19255","1","44100084",0.000223705,460340,0.008,"Fractured bone site(s): Arm || id:ukb-b-19255","Fractured bone site(s): Arm","Fractured bone site(s): Arm ||  || ",TRUE,"igd",NA,NA,NA,NA,NA,NA,NA,4.97004e-10,44100084,0.0112,"1",82315,"ieu-a-22","Schizophrenia || id:ieu-a-22",TRUE,"reported","igd",2,1,TRUE,0.325987,0.325987,0.000467576545129916,38.5056324898864
"8","rs11682175","C","T","C","T",0.0741957,-0.000145083,0.473318,0.473318,FALSE,FALSE,FALSE,"ukb-b-19255","2","57987593",0.000210781,460340,0.49,"Fractured bone site(s): Arm || id:ukb-b-19255","Fractured bone site(s): Arm","Fractured bone site(s): Arm ||  || ",TRUE,"igd",NA,NA,NA,NA,NA,NA,NA,2.54273e-12,57987593,0.0106,"2",82315,"ieu-a-22","Schizophrenia || id:ieu-a-22",TRUE,"reported","igd",2,1,TRUE,0.526682,0.473318,0.000594851200736794,48.9931305087587
"9","rs11693094","T","C","T","C",-0.0733021,0.000187648,0.464675,0.464675,FALSE,FALSE,FALSE,"ukb-b-19255","2","185601420",0.000210804,460340,0.37,"Fractured bone site(s): Arm || id:ukb-b-19255","Fractured bone site(s): Arm","Fractured bone site(s): Arm ||  || ",TRUE,"igd",NA,NA,NA,NA,NA,NA,NA,7.13181e-12,185601420,0.0107,"2",82315,"ieu-a-22","Schizophrenia || id:ieu-a-22",TRUE,"reported","igd",2,1,TRUE,0.535325,0.464675,0.000569821399132662,46.9304508019447
"10","rs11740474","T","A","T","A",0.0610991,0.000193395,0.41723,0.41723,FALSE,TRUE,TRUE,"ukb-b-19255","5","153680747",0.000214162,460340,0.37,"Fractured bone site(s): Arm || id:ukb-b-19255","Fractured bone site(s): Arm","Fractured bone site(s): Arm ||  || ",TRUE,"igd",NA,NA,NA,NA,NA,NA,NA,3.93604e-08,153680747,0.0111,"5",82315,"ieu-a-22","Schizophrenia || id:ieu-a-22",TRUE,"reported","igd",2,1,FALSE,0.58277,0.41723,0.000367946655255896,30.2979410601528
"11","rs12129573","A","C","A","C",0.0693955,0.000167711,0.348794,0.348794,FALSE,FALSE,FALSE,"ukb-b-19255","1","73768366",0.000220053,460340,0.450001,"Fractured bone site(s): Arm || id:ukb-b-19255","Fractured bone site(s): Arm","Fractured bone site(s): Arm ||  || ",TRUE,"igd",NA,NA,NA,NA,NA,NA,NA,2.34601e-10,73768366,0.011,"1",82315,"ieu-a-22","Schizophrenia || id:ieu-a-22",TRUE,"reported","igd",2,1,TRUE,0.651206,0.348794,0.000483268328512562,39.7984992790784
"12","rs12325245","T","A","T","A",0.0874005,0.000262519,0.147999,0.147999,FALSE,TRUE,TRUE,"ukb-b-19255","16","58681393",0.000295629,460340,0.37,"Fractured bone site(s): Arm || id:ukb-b-19255","Fractured bone site(s): Arm","Fractured bone site(s): Arm ||  || ",TRUE,"igd",NA,NA,NA,NA,NA,NA,NA,1.149e-08,58681393,0.0153,"16",82315,"ieu-a-22","Schizophrenia || id:ieu-a-22",TRUE,"reported","igd",2,1,FALSE,0.852001,0.147999,0.000396272429124138,32.6313033443369
"13","rs12691307","G","A","G","A",-0.0705983,0.000224929,0.558616,0.558616,FALSE,FALSE,FALSE,"ukb-b-19255","16","29939877",0.000211232,460340,0.29,"Fractured bone site(s): Arm || id:ukb-b-19255","Fractured bone site(s): Arm","Fractured bone site(s): Arm ||  || ",TRUE,"igd",NA,NA,NA,NA,NA,NA,NA,1.29799e-10,29939877,0.011,"16",82315,"ieu-a-22","Schizophrenia || id:ieu-a-22",TRUE,"reported","igd",2,1,TRUE,0.441384,0.441384,0.000500157590294853,41.1900732577249
"14","rs12704290","A","G","A","G",-0.106595,0.000678196,0.115645,0.115645,FALSE,FALSE,FALSE,"ukb-b-19255","7","86427626",0.000328606,460340,0.0389996,"Fractured bone site(s): Arm || id:ukb-b-19255","Fractured bone site(s): Arm","Fractured bone site(s): Arm ||  || ",TRUE,"igd",NA,NA,NA,NA,NA,NA,NA,1.037e-10,86427626,0.0165,"7",82315,"ieu-a-22","Schizophrenia || id:ieu-a-22",TRUE,"reported","igd",2,1,TRUE,0.884355,0.115645,0.000506765050632898,41.7345011993592
"15","rs12826178","T","G","T","G",-0.167697,-0.000442947,0.075006,0.075006,FALSE,FALSE,FALSE,"ukb-b-19255","12","57622371",0.000405549,460340,0.27,"Fractured bone site(s): Arm || id:ukb-b-19255","Fractured bone site(s): Arm","Fractured bone site(s): Arm ||  || ",TRUE,"igd",NA,NA,NA,NA,NA,NA,NA,5.29663e-12,57622371,0.0243,"12",82315,"ieu-a-22","Schizophrenia || id:ieu-a-22",TRUE,"reported","igd",2,1,TRUE,0.924994,0.075006,0.000578239636903763,47.6241774195184
"16","rs12887734","T","G","T","G",0.0871039,-0.000263253,0.287432,0.287432,FALSE,FALSE,FALSE,"ukb-b-19255","14","104046834",0.000232239,460340,0.26,"Fractured bone site(s): Arm || id:ukb-b-19255","Fractured bone site(s): Arm","Fractured bone site(s): Arm ||  || ",TRUE,"igd",NA,NA,NA,NA,NA,NA,NA,1.17193e-13,104046834,0.0117,"14",82315,"ieu-a-22","Schizophrenia || id:ieu-a-22",TRUE,"reported","igd",2,1,TRUE,0.712568,0.287432,0.000672871559804157,55.4233695112522
"17","rs12903146","A","G","A","G",0.0648041,-9.4776e-06,0.549167,0.549167,FALSE,FALSE,FALSE,"ukb-b-19255","15","61854663",0.000211034,460340,0.96,"Fractured bone site(s): Arm || id:ukb-b-19255","Fractured bone site(s): Arm","Fractured bone site(s): Arm ||  || ",TRUE,"igd",NA,NA,NA,NA,NA,NA,NA,1.03801e-09,61854663,0.0106,"15",82315,"ieu-a-22","Schizophrenia || id:ieu-a-22",TRUE,"reported","igd",2,1,TRUE,0.450833,0.450833,0.000453854977216941,37.3751276273558
"18","rs13217619","C","T","C","T",-0.219698,-0.00023138,0.114359,0.114359,FALSE,FALSE,FALSE,"ukb-b-19255","6","28306671",0.000329246,460340,0.48,"Fractured bone site(s): Arm || id:ukb-b-19255","Fractured bone site(s): Arm","Fractured bone site(s): Arm ||  || ",TRUE,"igd",NA,NA,NA,NA,NA,NA,NA,1.43516e-29,28306671,0.0195,"6",82315,"ieu-a-22","Schizophrenia || id:ieu-a-22",TRUE,"reported","igd",2,1,TRUE,0.885641,0.114359,0.00153969537418846,126.932382537803
"19","rs13240464","C","T","C","T",-0.0806025,-0.000154893,0.332849,0.332849,FALSE,FALSE,FALSE,"ukb-b-19255","7","110898915",0.000222713,460340,0.49,"Fractured bone site(s): Arm || id:ukb-b-19255","Fractured bone site(s): Arm","Fractured bone site(s): Arm ||  || ",TRUE,"igd",NA,NA,NA,NA,NA,NA,NA,6.16169e-13,110898915,0.0112,"7",82315,"ieu-a-22","Schizophrenia || id:ieu-a-22",TRUE,"reported","igd",2,1,TRUE,0.667151,0.332849,0.000628794636708896,51.7905385442883
"20","rs140505938","T","C","T","C",-0.0908004,-0.000208073,0.166148,0.166148,FALSE,FALSE,FALSE,"ukb-b-19255","1","150031490",0.000281905,460340,0.46,"Fractured bone site(s): Arm || id:ukb-b-19255","Fractured bone site(s): Arm","Fractured bone site(s): Arm ||  || ",TRUE,"igd",NA,NA,NA,NA,NA,NA,NA,9.33706e-10,150031490,0.0148,"1",82315,"ieu-a-22","Schizophrenia || id:ieu-a-22",TRUE,"reported","igd",2,1,TRUE,0.833852,0.166148,0.000457061420955899,37.639300215183
"21","rs1498232","C","T","C","T",-0.0698991,0.000273277,0.691672,0.691672,FALSE,FALSE,FALSE,"ukb-b-19255","1","30433951",0.000228095,460340,0.23,"Fractured bone site(s): Arm || id:ukb-b-19255","Fractured bone site(s): Arm","Fractured bone site(s): Arm ||  || ",TRUE,"igd",NA,NA,NA,NA,NA,NA,NA,1.28401e-09,30433951,0.0115,"1",82315,"ieu-a-22","Schizophrenia || id:ieu-a-22",TRUE,"reported","igd",2,1,TRUE,0.308328,0.308328,0.000448614834014726,36.9434061922911
"22","rs1501357","C","T","C","T",0.0765031,-0.000347752,0.183658,0.183658,FALSE,FALSE,FALSE,"ukb-b-19255","5","45364875",0.000270599,460340,0.2,"Fractured bone site(s): Arm || id:ukb-b-19255","Fractured bone site(s): Arm","Fractured bone site(s): Arm ||  || ",TRUE,"igd",NA,NA,NA,NA,NA,NA,NA,1.236e-08,45364875,0.0134,"5",82315,"ieu-a-22","Schizophrenia || id:ieu-a-22",TRUE,"reported","igd",2,1,TRUE,0.816342,0.183658,0.000395819833395201,32.5940193055504
"23","rs16867576","G","A","G","A",-0.095801,-0.000293575,0.134704,0.134704,FALSE,FALSE,FALSE,"ukb-b-19255","5","88746331",0.000307329,460340,0.34,"Fractured bone site(s): Arm || id:ukb-b-19255","Fractured bone site(s): Arm","Fractured bone site(s): Arm ||  || ",TRUE,"igd",NA,NA,NA,NA,NA,NA,NA,1.358e-08,88746331,0.0169,"5",82315,"ieu-a-22","Schizophrenia || id:ieu-a-22",TRUE,"reported","igd",2,1,TRUE,0.865296,0.134704,0.000390227782669147,32.1333588042014
"24","rs1702294","C","T","C","T",0.115703,0.000105168,0.81193,0.81193,FALSE,FALSE,FALSE,"ukb-b-19255","1","98501984",0.000268507,460340,0.7,"Fractured bone site(s): Arm || id:ukb-b-19255","Fractured bone site(s): Arm","Fractured bone site(s): Arm ||  || ",TRUE,"igd",NA,NA,NA,NA,NA,NA,NA,2.79383e-17,98501984,0.0137,"1",82315,"ieu-a-22","Schizophrenia || id:ieu-a-22",TRUE,"reported","igd",2,1,TRUE,0.18807,0.18807,0.000865750934144404,71.3243057265383
"25","rs17194490","T","G","T","G",0.0970995,0.000172729,0.164623,0.164623,FALSE,FALSE,FALSE,"ukb-b-19255","3","2547786",0.000284011,460340,0.54,"Fractured bone site(s): Arm || id:ukb-b-19255","Fractured bone site(s): Arm","Fractured bone site(s): Arm ||  || ",TRUE,"igd",NA,NA,NA,NA,NA,NA,NA,4.86519e-11,2547786,0.0148,"3",82315,"ieu-a-22","Schizophrenia || id:ieu-a-22",TRUE,"reported","igd",2,1,TRUE,0.835377,0.164623,0.00052264227287141,43.0427493672243
"26","rs2007044","G","A","G","A",0.0916001,0.000214109,0.389869,0.389869,FALSE,FALSE,FALSE,"ukb-b-19255","12","2344960",0.000215248,460340,0.32,"Fractured bone site(s): Arm || id:ukb-b-19255","Fractured bone site(s): Arm","Fractured bone site(s): Arm ||  || ",TRUE,"igd",NA,NA,NA,NA,NA,NA,NA,2.62482e-17,2344960,0.0108,"12",82315,"ieu-a-22","Schizophrenia || id:ieu-a-22",TRUE,"reported","igd",2,1,TRUE,0.610131,0.389869,0.000873144323028952,71.9339373705303
"27","rs2053079","G","A","G","A",0.0733021,-0.000403326,0.249467,0.249467,FALSE,FALSE,FALSE,"ukb-b-19255","19","30987423",0.000244117,460340,0.0980009,"Fractured bone site(s): Arm || id:ukb-b-19255","Fractured bone site(s): Arm","Fractured bone site(s): Arm ||  || ",TRUE,"igd",NA,NA,NA,NA,NA,NA,NA,3.78896e-09,30987423,0.0124,"19",82315,"ieu-a-22","Schizophrenia || id:ieu-a-22",TRUE,"reported","igd",2,1,TRUE,0.750533,0.249467,0.000424351896857858,34.9445064536593
"28","rs2068012","C","T","C","T",0.0689964,-0.000175323,0.232233,0.232233,FALSE,FALSE,FALSE,"ukb-b-19255","14","30190316",0.000250397,460340,0.48,"Fractured bone site(s): Arm || id:ukb-b-19255","Fractured bone site(s): Arm","Fractured bone site(s): Arm ||  || ",TRUE,"igd",NA,NA,NA,NA,NA,NA,NA,4.142e-08,30190316,0.0126,"14",82315,"ieu-a-22","Schizophrenia || id:ieu-a-22",TRUE,"reported","igd",2,1,TRUE,0.767767,0.232233,0.000364145221076619,29.984804405709
"29","rs215411","A","T","A","T",0.0648041,4.38959e-05,0.325148,0.325148,FALSE,TRUE,TRUE,"ukb-b-19255","4","23423603",0.000224909,460340,0.85,"Fractured bone site(s): Arm || id:ukb-b-19255","Fractured bone site(s): Arm","Fractured bone site(s): Arm ||  || ",TRUE,"igd",NA,NA,NA,NA,NA,NA,NA,1.224e-08,23423603,0.0114,"4",82315,"ieu-a-22","Schizophrenia || id:ieu-a-22",TRUE,"reported","igd",2,1,FALSE,0.674852,0.325148,0.000392415203085051,32.3135529409795
"30","rs2332700","G","C","G","C",-0.0732969,3.1796e-05,0.752002,0.752002,FALSE,TRUE,TRUE,"ukb-b-19255","14","72417326",0.000243458,460340,0.9,"Fractured bone site(s): Arm || id:ukb-b-19255","Fractured bone site(s): Arm","Fractured bone site(s): Arm ||  || ",TRUE,"igd",NA,NA,NA,NA,NA,NA,NA,1.68601e-09,72417326,0.0122,"14",82315,"ieu-a-22","Schizophrenia || id:ieu-a-22",TRUE,"reported","igd",2,1,FALSE,0.247998,0.247998,0.000438310800803501,36.0944975546664
"31","rs2514218","T","C","T","C",-0.0722052,7.58989e-05,0.356148,0.356148,FALSE,FALSE,FALSE,"ukb-b-19255","11","113392994",0.000219996,460340,0.73,"Fractured bone site(s): Arm || id:ukb-b-19255","Fractured bone site(s): Arm","Fractured bone site(s): Arm ||  || ",TRUE,"igd",NA,NA,NA,NA,NA,NA,NA,4.091e-10,113392994,0.0116,"11",82315,"ieu-a-22","Schizophrenia || id:ieu-a-22",TRUE,"reported","igd",2,1,TRUE,0.643852,0.356148,0.000470476154112254,38.7445320518746
"32","rs2535627","C","T","C","T",-0.0701975,0.000122089,0.463413,0.463413,FALSE,FALSE,FALSE,"ukb-b-19255","3","52845105",0.000211121,460340,0.56,"Fractured bone site(s): Arm || id:ukb-b-19255","Fractured bone site(s): Arm","Fractured bone site(s): Arm ||  || ",TRUE,"igd",NA,NA,NA,NA,NA,NA,NA,3.9564e-11,52845105,0.0106,"3",82315,"ieu-a-22","Schizophrenia || id:ieu-a-22",TRUE,"reported","igd",2,1,TRUE,0.536587,0.463413,0.00053250201282408,43.8551911591535
"33","rs2693698","G","A","G","A",0.0630037,0.000292629,0.542026,0.542026,FALSE,FALSE,FALSE,"ukb-b-19255","14","99719219",0.000211889,460340,0.17,"Fractured bone site(s): Arm || id:ukb-b-19255","Fractured bone site(s): Arm","Fractured bone site(s): Arm ||  || ",TRUE,"igd",NA,NA,NA,NA,NA,NA,NA,1.37499e-08,99719219,0.0111,"14",82315,"ieu-a-22","Schizophrenia || id:ieu-a-22",TRUE,"reported","igd",2,1,TRUE,0.457974,0.457974,0.00039123457250206,32.2162954949576
"34","rs281768","T","A","T","A",-0.100397,-0.000359958,0.804327,0.804327,FALSE,TRUE,TRUE,"ukb-b-19255","2","200825240",0.00026449,460340,0.17,"Fractured bone site(s): Arm || id:ukb-b-19255","Fractured bone site(s): Arm","Fractured bone site(s): Arm ||  || ",TRUE,"igd",NA,NA,NA,NA,NA,NA,NA,3.46817e-14,200825240,0.0132,"2",82315,"ieu-a-22","Schizophrenia || id:ieu-a-22",TRUE,"reported","igd",2,1,FALSE,0.195673,0.195673,0.000702278743626318,57.8472951498731
"35","rs2851447","C","G","C","G",-0.0909975,-0.000225363,0.753729,0.753729,FALSE,TRUE,TRUE,"ukb-b-19255","12","123665113",0.000243777,460340,0.36,"Fractured bone site(s): Arm || id:ukb-b-19255","Fractured bone site(s): Arm","Fractured bone site(s): Arm ||  || ",TRUE,"igd",NA,NA,NA,NA,NA,NA,NA,2.18877e-14,123665113,0.0119,"12",82315,"ieu-a-22","Schizophrenia || id:ieu-a-22",TRUE,"reported","igd",2,1,FALSE,0.246271,0.246271,0.00070986802662784,58.4728749001341
"36","rs2905426","T","G","T","G",-0.0648052,7.57792e-05,0.648571,0.648571,FALSE,FALSE,FALSE,"ukb-b-19255","19","19478022",0.000220191,460340,0.73,"Fractured bone site(s): Arm || id:ukb-b-19255","Fractured bone site(s): Arm","Fractured bone site(s): Arm ||  || ",TRUE,"igd",NA,NA,NA,NA,NA,NA,NA,6.92102e-09,19478022,0.0112,"19",82315,"ieu-a-22","Schizophrenia || id:ieu-a-22",TRUE,"reported","igd",2,1,TRUE,0.351429,0.351429,0.00040656321180886,33.4790490033138
"37","rs2909457","A","G","A","G",-0.0589966,0.000244067,0.535078,0.535078,FALSE,FALSE,FALSE,"ukb-b-19255","2","162845855",0.000210615,460340,0.25,"Fractured bone site(s): Arm || id:ukb-b-19255","Fractured bone site(s): Arm","Fractured bone site(s): Arm ||  || ",TRUE,"igd",NA,NA,NA,NA,NA,NA,NA,4.37502e-08,162845855,0.0108,"2",82315,"ieu-a-22","Schizophrenia || id:ieu-a-22",TRUE,"reported","igd",2,1,TRUE,0.464922,0.464922,0.000362384875607145,29.8397997579744
"38","rs2945232","C","T","C","T",0.0605996,-0.000372009,0.468132,0.468132,FALSE,FALSE,FALSE,"ukb-b-19255","8","8098038",0.000211303,460340,0.0779992,"Fractured bone site(s): Arm || id:ukb-b-19255","Fractured bone site(s): Arm","Fractured bone site(s): Arm ||  || ",TRUE,"igd",NA,NA,NA,NA,NA,NA,NA,2.034e-08,8098038,0.0108,"8",82315,"ieu-a-22","Schizophrenia || id:ieu-a-22",TRUE,"reported","igd",2,1,TRUE,0.531868,0.468132,0.000382337541048258,31.4833872971883
"39","rs2973155","C","T","C","T",0.067305,0.000403101,0.652361,0.652361,FALSE,FALSE,FALSE,"ukb-b-19255","5","152637000",0.000221003,460340,0.0680002,"Fractured bone site(s): Arm || id:ukb-b-19255","Fractured bone site(s): Arm","Fractured bone site(s): Arm ||  || ",TRUE,"igd",TRUE,"rs2973155","rs2926289","T","C","T","C",1.01599e-09,152608619,0.011,"5",82315,"ieu-a-22","Schizophrenia || id:ieu-a-22",TRUE,"reported","igd",2,1,TRUE,0.347639,0.347639,0.000454603555049775,37.4368013297864
"40","rs301797","A","C","A","C",0.0682006,0.000199473,0.339842,0.339842,FALSE,FALSE,FALSE,"ukb-b-19255","1","8487323",0.00022174,460340,0.37,"Fractured bone site(s): Arm || id:ukb-b-19255","Fractured bone site(s): Arm","Fractured bone site(s): Arm ||  || ",TRUE,"igd",NA,NA,NA,NA,NA,NA,NA,2.72402e-09,8487323,0.0115,"1",82315,"ieu-a-22","Schizophrenia || id:ieu-a-22",TRUE,"reported","igd",2,1,TRUE,0.660158,0.339842,0.000427086856687237,35.1698210027989
"41","rs34796896","A","G","A","G",-0.086397,-0.000200682,0.208261,0.208261,FALSE,FALSE,FALSE,"ukb-b-19255","3","180623255",0.000258517,460340,0.44,"Fractured bone site(s): Arm || id:ukb-b-19255","Fractured bone site(s): Arm","Fractured bone site(s): Arm ||  || ",TRUE,"igd",NA,NA,NA,NA,NA,NA,NA,6.23448e-11,180623255,0.0132,"3",82315,"ieu-a-22","Schizophrenia || id:ieu-a-22",TRUE,"reported","igd",2,1,TRUE,0.791739,0.208261,0.000520169057998923,42.8389591721036
"42","rs35225200","C","A","C","A",0.144795,0.00041115,0.083265,0.083265,FALSE,FALSE,FALSE,"ukb-b-19255","4","103146888",0.000391058,460340,0.29,"Fractured bone site(s): Arm || id:ukb-b-19255","Fractured bone site(s): Arm","Fractured bone site(s): Arm ||  || ",TRUE,"igd",NA,NA,NA,NA,NA,NA,NA,9.56093e-13,103146888,0.0203,"4",82315,"ieu-a-22","Schizophrenia || id:ieu-a-22",TRUE,"reported","igd",2,1,TRUE,0.916735,0.083265,0.000617685962440992,50.8750094055542
"43","rs36068923","G","A","G","A",0.0840014,0.000581353,0.214192,0.214192,FALSE,FALSE,FALSE,"ukb-b-19255","8","111485761",0.000259746,460340,0.025,"Fractured bone site(s): Arm || id:ukb-b-19255","Fractured bone site(s): Arm","Fractured bone site(s): Arm ||  || ",TRUE,"igd",NA,NA,NA,NA,NA,NA,NA,1.04501e-10,111485761,0.013,"8",82315,"ieu-a-22","Schizophrenia || id:ieu-a-22",TRUE,"reported","igd",2,1,TRUE,0.785808,0.214192,0.000506975682770128,41.7518565518398
"44","rs3735025","C","T","C","T",-0.0636975,-5.91358e-05,0.366516,0.366516,FALSE,FALSE,FALSE,"ukb-b-19255","7","137074844",0.000219776,460340,0.79,"Fractured bone site(s): Arm || id:ukb-b-19255","Fractured bone site(s): Arm","Fractured bone site(s): Arm ||  || ",TRUE,"igd",NA,NA,NA,NA,NA,NA,NA,7.75193e-09,137074844,0.011,"7",82315,"ieu-a-22","Schizophrenia || id:ieu-a-22",TRUE,"reported","igd",2,1,TRUE,0.633484,0.366516,0.000407196037460426,33.5311811955943
"45","rs3798869","A","G","A","G",-0.0648052,-0.000209992,0.437394,0.437394,FALSE,FALSE,FALSE,"ukb-b-19255","6","84328660",0.000211605,460340,0.32,"Fractured bone site(s): Arm || id:ukb-b-19255","Fractured bone site(s): Arm","Fractured bone site(s): Arm ||  || ",TRUE,"igd",NA,NA,NA,NA,NA,NA,NA,1.153e-09,84328660,0.0106,"6",82315,"ieu-a-22","Schizophrenia || id:ieu-a-22",TRUE,"reported","igd",2,1,TRUE,0.562606,0.437394,0.000453870378036323,37.3763964664977
"46","rs3849046","T","C","T","C",0.0627025,0.000354392,0.53291,0.53291,FALSE,FALSE,FALSE,"ukb-b-19255","5","137851192",0.000213547,460340,0.0969996,"Fractured bone site(s): Arm || id:ukb-b-19255","Fractured bone site(s): Arm","Fractured bone site(s): Arm ||  || ",TRUE,"igd",NA,NA,NA,NA,NA,NA,NA,4.83304e-09,137851192,0.0107,"5",82315,"ieu-a-22","Schizophrenia || id:ieu-a-22",TRUE,"reported","igd",2,1,TRUE,0.46709,0.46709,0.000417005741687274,34.339313306319
"47","rs4129585","C","A","C","A",-0.0784044,0.000131365,0.5609,0.5609,FALSE,FALSE,FALSE,"ukb-b-19255","8","143312933",0.000211396,460340,0.53,"Fractured bone site(s): Arm || id:ukb-b-19255","Fractured bone site(s): Arm","Fractured bone site(s): Arm ||  || ",TRUE,"igd",NA,NA,NA,NA,NA,NA,NA,2.02815e-13,143312933,0.0107,"8",82315,"ieu-a-22","Schizophrenia || id:ieu-a-22",TRUE,"reported","igd",2,1,TRUE,0.4391,0.4391,0.000651855214517235,53.691157133308
"48","rs427230","T","C","T","C",0.116102,-4.9907e-05,0.087333,0.087333,FALSE,FALSE,FALSE,"ukb-b-19255","20","62155111",0.000373999,460340,0.89,"Fractured bone site(s): Arm || id:ukb-b-19255","Fractured bone site(s): Arm","Fractured bone site(s): Arm ||  || ",TRUE,"igd",NA,NA,NA,NA,NA,NA,NA,4.028e-08,62155111,0.0211,"20",82315,"ieu-a-22","Schizophrenia || id:ieu-a-22",TRUE,"reported","igd",2,1,TRUE,0.912667,0.087333,0.000367684901174904,30.2763794379915
"49","rs4391122","G","A","G","A",0.0789025,-0.000139849,0.501266,0.501266,FALSE,FALSE,FALSE,"ukb-b-19255","5","60598543",0.000210974,460340,0.51,"Fractured bone site(s): Arm || id:ukb-b-19255","Fractured bone site(s): Arm","Fractured bone site(s): Arm ||  || ",TRUE,"igd",NA,NA,NA,NA,NA,NA,NA,1.7338e-13,60598543,0.0107,"5",82315,"ieu-a-22","Schizophrenia || id:ieu-a-22",TRUE,"reported","igd",2,1,TRUE,0.498734,0.498734,0.000660158458304102,54.375519637599
"50","rs4523957","T","G","T","G",0.0683033,-8.19839e-05,0.640918,0.640918,FALSE,FALSE,FALSE,"ukb-b-19255","17","2208899",0.000219609,460340,0.709999,"Fractured bone site(s): Arm || id:ukb-b-19255","Fractured bone site(s): Arm","Fractured bone site(s): Arm ||  || ",TRUE,"igd",NA,NA,NA,NA,NA,NA,NA,1.03999e-09,2208899,0.0112,"17",82315,"ieu-a-22","Schizophrenia || id:ieu-a-22",TRUE,"reported","igd",2,1,TRUE,0.359082,0.359082,0.000451618959179044,37.1909075058434
"51","rs4648845","T","C","T","C",0.0690035,2.18197e-05,0.484285,0.484285,FALSE,FALSE,FALSE,"ukb-b-19255","1","2387101",0.000211094,460340,0.92,"Fractured bone site(s): Arm || id:ukb-b-19255","Fractured bone site(s): Arm","Fractured bone site(s): Arm ||  || ",TRUE,"igd",NA,NA,NA,NA,NA,NA,NA,4.03302e-09,2387101,0.0117,"1",82315,"ieu-a-22","Schizophrenia || id:ieu-a-22",TRUE,"reported","igd",2,1,TRUE,0.515715,0.484285,0.000422384580134402,34.7824335081764
"52","rs4702","A","G","A","G",-0.0784049,0.000295075,0.556447,0.556447,FALSE,FALSE,FALSE,"ukb-b-19255","15","91426560",0.000211168,460340,0.16,"Fractured bone site(s): Arm || id:ukb-b-19255","Fractured bone site(s): Arm","Fractured bone site(s): Arm ||  || ",TRUE,"igd",NA,NA,NA,NA,NA,NA,NA,2.29826e-12,91426560,0.0112,"15",82315,"ieu-a-22","Schizophrenia || id:ieu-a-22",TRUE,"reported","igd",2,1,TRUE,0.443553,0.443553,0.000594994433817584,49.0049344940803
"53","rs4766428","T","C","T","C",0.0684994,-0.000286815,0.431628,0.431628,FALSE,FALSE,FALSE,"ukb-b-19255","12","110723245",0.000212965,460340,0.18,"Fractured bone site(s): Arm || id:ukb-b-19255","Fractured bone site(s): Arm","Fractured bone site(s): Arm ||  || ",TRUE,"igd",NA,NA,NA,NA,NA,NA,NA,7.093e-10,110723245,0.0111,"12",82315,"ieu-a-22","Schizophrenia || id:ieu-a-22",TRUE,"reported","igd",2,1,TRUE,0.568372,0.431628,0.000462431826846855,38.0817611816379
"54","rs56205728","A","G","A","G",0.0676026,0.000192085,0.28646,0.28646,FALSE,FALSE,FALSE,"ukb-b-19255","15","40567237",0.000237948,460340,0.42,"Fractured bone site(s): Arm || id:ukb-b-19255","Fractured bone site(s): Arm","Fractured bone site(s): Arm ||  || ",TRUE,"igd",NA,NA,NA,NA,NA,NA,NA,4.92006e-08,40567237,0.0124,"15",82315,"ieu-a-22","Schizophrenia || id:ieu-a-22",TRUE,"reported","igd",2,1,TRUE,0.71354,0.28646,0.000360950508977115,29.7216472891499
"55","rs58120505","C","T","C","T",-0.080704,2.08908e-05,0.434052,0.434052,FALSE,FALSE,FALSE,"ukb-b-19255","7","2029867",0.000211574,460340,0.92,"Fractured bone site(s): Arm || id:ukb-b-19255","Fractured bone site(s): Arm","Fractured bone site(s): Arm ||  || ",TRUE,"igd",NA,NA,NA,NA,NA,NA,NA,6.4254e-14,2029867,0.0108,"7",82315,"ieu-a-22","Schizophrenia || id:ieu-a-22",TRUE,"reported","igd",2,1,TRUE,0.565948,0.434052,0.000677905437153226,55.8382833242603
"56","rs59979824","A","C","A","C",-0.0663962,0.000298394,0.340727,0.340727,FALSE,FALSE,FALSE,"ukb-b-19255","2","193848340",0.000222097,460340,0.18,"Fractured bone site(s): Arm || id:ukb-b-19255","Fractured bone site(s): Arm","Fractured bone site(s): Arm ||  || ",TRUE,"igd",NA,NA,NA,NA,NA,NA,NA,1.079e-08,193848340,0.0116,"2",82315,"ieu-a-22","Schizophrenia || id:ieu-a-22",TRUE,"reported","igd",2,1,TRUE,0.659273,0.340727,0.000397849365494843,32.7612088481301
"57","rs6065094","G","A","G","A",0.0741957,0.00043123,0.675831,0.675831,FALSE,FALSE,FALSE,"ukb-b-19255","20","37453194",0.000224172,460340,0.0539995,"Fractured bone site(s): Arm || id:ukb-b-19255","Fractured bone site(s): Arm","Fractured bone site(s): Arm ||  || ",TRUE,"igd",NA,NA,NA,NA,NA,NA,NA,5.5195e-11,37453194,0.0113,"20",82315,"ieu-a-22","Schizophrenia || id:ieu-a-22",TRUE,"reported","igd",2,1,TRUE,0.324169,0.324169,0.000523472899210786,43.1111922935557
"58","rs6430095","A","G","A","G",0.080704,0.000101844,0.18247,0.18247,FALSE,FALSE,FALSE,"ukb-b-19255","2","146439945",0.000273101,460340,0.709999,"Fractured bone site(s): Arm || id:ukb-b-19255","Fractured bone site(s): Arm","Fractured bone site(s): Arm ||  || ",TRUE,"igd",NA,NA,NA,NA,NA,NA,NA,1.20901e-08,146439945,0.0142,"2",82315,"ieu-a-22","Schizophrenia || id:ieu-a-22",TRUE,"reported","igd",2,1,TRUE,0.81753,0.18247,0.000392251004076898,32.3000266164537
"59","rs6704768","A","G","A","G",-0.0737972,0.000155576,0.569468,0.569468,FALSE,FALSE,FALSE,"ukb-b-19255","2","233592501",0.000212087,460340,0.46,"Fractured bone site(s): Arm || id:ukb-b-19255","Fractured bone site(s): Arm","Fractured bone site(s): Arm ||  || ",TRUE,"igd",NA,NA,NA,NA,NA,NA,NA,3.14775e-12,233592501,0.0106,"2",82315,"ieu-a-22","Schizophrenia || id:ieu-a-22",TRUE,"reported","igd",2,1,TRUE,0.430532,0.430532,0.000588482300796654,48.4682663423677
"60","rs6984242","A","G","A","G",-0.0643999,3.94925e-05,0.599311,0.599311,FALSE,FALSE,FALSE,"ukb-b-19255","8","60700469",0.000214257,460340,0.85,"Fractured bone site(s): Arm || id:ukb-b-19255","Fractured bone site(s): Arm","Fractured bone site(s): Arm ||  || ",TRUE,"igd",NA,NA,NA,NA,NA,NA,NA,1.758e-09,60700469,0.0107,"8",82315,"ieu-a-22","Schizophrenia || id:ieu-a-22",TRUE,"reported","igd",2,1,TRUE,0.400689,0.400689,0.000439878534244271,36.223655797866
"61","rs7193419","C","T","C","T",-0.0597018,-0.000527729,0.523832,0.523832,FALSE,FALSE,FALSE,"ukb-b-19255","16","63697134",0.00021057,460340,0.012,"Fractured bone site(s): Arm || id:ukb-b-19255","Fractured bone site(s): Arm","Fractured bone site(s): Arm ||  || ",TRUE,"igd",NA,NA,NA,NA,NA,NA,NA,1.588e-08,63697134,0.0106,"16",82315,"ieu-a-22","Schizophrenia || id:ieu-a-22",TRUE,"reported","igd",2,1,TRUE,0.476168,0.476168,0.000385227075050766,31.721416177024
"62","rs73036062","A","G","A","G",-0.089695,0.000581816,0.198312,0.198312,FALSE,FALSE,FALSE,"ukb-b-19255","11","133828187",0.000265422,460340,0.0280001,"Fractured bone site(s): Arm || id:ukb-b-19255","Fractured bone site(s): Arm","Fractured bone site(s): Arm ||  || ",TRUE,"igd",NA,NA,NA,NA,NA,NA,NA,2.14092e-11,133828187,0.0134,"11",82315,"ieu-a-22","Schizophrenia || id:ieu-a-22",TRUE,"reported","igd",2,1,TRUE,0.801688,0.198312,0.000544015860835961,44.8039516132962
"63","rs73229090","A","C","A","C",-0.0994999,-0.000155152,0.117303,0.117303,FALSE,FALSE,FALSE,"ukb-b-19255","8","27442127",0.000329956,460340,0.64,"Fractured bone site(s): Arm || id:ukb-b-19255","Fractured bone site(s): Arm","Fractured bone site(s): Arm ||  || ",TRUE,"igd",NA,NA,NA,NA,NA,NA,NA,1.952e-08,27442127,0.0177,"8",82315,"ieu-a-22","Schizophrenia || id:ieu-a-22",TRUE,"reported","igd",2,1,TRUE,0.882697,0.117303,0.000383754144638239,31.6000815698807
"64","rs7405404","C","T","C","T",-0.0783027,-5.6643e-05,0.774625,0.774625,FALSE,FALSE,FALSE,"ukb-b-19255","16","13749859",0.00025141,460340,0.82,"Fractured bone site(s): Arm || id:ukb-b-19255","Fractured bone site(s): Arm","Fractured bone site(s): Arm ||  || ",TRUE,"igd",NA,NA,NA,NA,NA,NA,NA,3.925e-10,13749859,0.0125,"16",82315,"ieu-a-22","Schizophrenia || id:ieu-a-22",TRUE,"reported","igd",2,1,TRUE,0.225375,0.225375,0.000476483079718357,39.2394486742078
"65","rs7432375","A","G","A","G",-0.0713993,-0.000316127,0.397975,0.397975,FALSE,FALSE,FALSE,"ukb-b-19255","3","136288405",0.000214057,460340,0.14,"Fractured bone site(s): Arm || id:ukb-b-19255","Fractured bone site(s): Arm","Fractured bone site(s): Arm ||  || ",TRUE,"igd",NA,NA,NA,NA,NA,NA,NA,5.27351e-11,136288405,0.0109,"3",82315,"ieu-a-22","Schizophrenia || id:ieu-a-22",TRUE,"reported","igd",2,1,TRUE,0.602025,0.397975,0.000520990263843029,42.9066255218625
"66","rs75968099","T","C","T","C",0.078996,0.000200753,0.346318,0.346318,FALSE,FALSE,FALSE,"ukb-b-19255","3","36858583",0.000221293,460340,0.36,"Fractured bone site(s): Arm || id:ukb-b-19255","Fractured bone site(s): Arm","Fractured bone site(s): Arm ||  || ",TRUE,"igd",NA,NA,NA,NA,NA,NA,NA,3.3861e-12,36858583,0.0113,"3",82315,"ieu-a-22","Schizophrenia || id:ieu-a-22",TRUE,"reported","igd",2,1,TRUE,0.653682,0.346318,0.000593357675091504,48.8700477277082
"67","rs7819570","T","G","T","G",0.0770999,9.06168e-05,0.170276,0.170276,FALSE,FALSE,FALSE,"ukb-b-19255","8","89596484",0.000279206,460340,0.75,"Fractured bone site(s): Arm || id:ukb-b-19255","Fractured bone site(s): Arm","Fractured bone site(s): Arm ||  || ",TRUE,"igd",TRUE,"rs7819570","rs13268482","T","G","C","T",1.89898e-08,89588626,0.0137,"8",82315,"ieu-a-22","Schizophrenia || id:ieu-a-22",TRUE,"reported","igd",2,1,TRUE,0.829724,0.170276,0.000384609889074657,31.6705746155921
"68","rs7893279","G","T","G","T",-0.113097,-0.000835824,0.115335,0.115335,FALSE,FALSE,FALSE,"ukb-b-19255","10","18745105",0.000330866,460340,0.012,"Fractured bone site(s): Arm || id:ukb-b-19255","Fractured bone site(s): Arm","Fractured bone site(s): Arm ||  || ",TRUE,"igd",NA,NA,NA,NA,NA,NA,NA,3.56205e-11,18745105,0.0171,"10",82315,"ieu-a-22","Schizophrenia || id:ieu-a-22",TRUE,"reported","igd",2,1,TRUE,0.884665,0.115335,0.000531129274085988,43.7420766352503
"69","rs7951870","C","T","C","T",0.0924991,-0.000525615,0.170592,0.170592,FALSE,FALSE,FALSE,"ukb-b-19255","11","46373311",0.000278873,460340,0.0589997,"Fractured bone site(s): Arm || id:ukb-b-19255","Fractured bone site(s): Arm","Fractured bone site(s): Arm ||  || ",TRUE,"igd",NA,NA,NA,NA,NA,NA,NA,8.25277e-11,46373311,0.0142,"11",82315,"ieu-a-22","Schizophrenia || id:ieu-a-22",TRUE,"reported","igd",2,1,TRUE,0.829408,0.170592,0.000515223337671446,42.4314402620237
"70","rs8042374","G","A","G","A",-0.0874979,-0.000347697,0.229122,0.229122,FALSE,FALSE,FALSE,"ukb-b-19255","15","78908032",0.000249763,460340,0.16,"Fractured bone site(s): Arm || id:ukb-b-19255","Fractured bone site(s): Arm","Fractured bone site(s): Arm ||  || ",TRUE,"igd",NA,NA,NA,NA,NA,NA,NA,1.86509e-12,78908032,0.0124,"15",82315,"ieu-a-22","Schizophrenia || id:ieu-a-22",TRUE,"reported","igd",2,1,TRUE,0.770878,0.229122,0.000604519463096235,49.7899095352202
"71","rs8044995","A","G","A","G",0.0777015,-0.000310037,0.161304,0.161304,FALSE,FALSE,FALSE,"ukb-b-19255","16","68189340",0.000284989,460340,0.28,"Fractured bone site(s): Arm || id:ukb-b-19255","Fractured bone site(s): Arm","Fractured bone site(s): Arm ||  || ",TRUE,"igd",NA,NA,NA,NA,NA,NA,NA,3.26798e-08,68189340,0.0141,"16",82315,"ieu-a-22","Schizophrenia || id:ieu-a-22",TRUE,"reported","igd",2,1,TRUE,0.838696,0.161304,0.000368791925543793,30.3675690815619
"72","rs8082590","A","G","A","G",-0.0665993,0.000507534,0.693326,0.693326,FALSE,FALSE,FALSE,"ukb-b-19255","17","17958402",0.000227469,460340,0.0259998,"Fractured bone site(s): Arm || id:ukb-b-19255","Fractured bone site(s): Arm","Fractured bone site(s): Arm ||  || ",TRUE,"igd",NA,NA,NA,NA,NA,NA,NA,6.84101e-09,17958402,0.0115,"17",82315,"ieu-a-22","Schizophrenia || id:ieu-a-22",TRUE,"reported","igd",2,1,TRUE,0.306674,0.306674,0.000407275000078864,33.5376861426179
"73","rs8139773","G","A","G","A",0.071002,4.80314e-05,0.386919,0.386919,FALSE,FALSE,FALSE,"ukb-b-19255","22","39975691",0.000216803,460340,0.82,"Fractured bone site(s): Arm || id:ukb-b-19255","Fractured bone site(s): Arm","Fractured bone site(s): Arm ||  || ",TRUE,"igd",NA,NA,NA,NA,NA,NA,NA,1.356e-10,39975691,0.0111,"22",82315,"ieu-a-22","Schizophrenia || id:ieu-a-22",TRUE,"reported","igd",2,1,TRUE,0.613081,0.386919,0.000496821525300842,40.9151977630489
"74","rs832187","T","C","T","C",-0.0606952,-4.83839e-05,0.633067,0.633067,FALSE,FALSE,FALSE,"ukb-b-19255","3","63833050",0.000218279,460340,0.82,"Fractured bone site(s): Arm || id:ukb-b-19255","Fractured bone site(s): Arm","Fractured bone site(s): Arm ||  || ",TRUE,"igd",NA,NA,NA,NA,NA,NA,NA,2.58399e-08,63833050,0.0109,"3",82315,"ieu-a-22","Schizophrenia || id:ieu-a-22",TRUE,"reported","igd",2,1,TRUE,0.366933,0.366933,0.000376541765396005,31.0059573729684
"75","rs9398171","T","C","T","C",-0.0636962,0.00018231,0.710525,0.710525,FALSE,FALSE,FALSE,"ukb-b-19255","6","108983527",0.000231497,460340,0.43,"Fractured bone site(s): Arm || id:ukb-b-19255","Fractured bone site(s): Arm","Fractured bone site(s): Arm ||  || ",TRUE,"igd",NA,NA,NA,NA,NA,NA,NA,3.37303e-08,108983527,0.0115,"6",82315,"ieu-a-22","Schizophrenia || id:ieu-a-22",TRUE,"reported","igd",2,1,TRUE,0.289475,0.289475,0.000372555136727477,30.6775600520284
"76","rs9607782","A","T","A","T",0.087003,0.000289342,0.255019,0.255019,FALSE,TRUE,TRUE,"ukb-b-19255","22","41587556",0.000241807,460340,0.23,"Fractured bone site(s): Arm || id:ukb-b-19255","Fractured bone site(s): Arm","Fractured bone site(s): Arm ||  || ",TRUE,"igd",NA,NA,NA,NA,NA,NA,NA,6.76239e-12,41587556,0.0127,"22",82315,"ieu-a-22","Schizophrenia || id:ieu-a-22",TRUE,"reported","igd",2,1,FALSE,0.744981,0.255019,0.000569815807788714,46.9299900366947
"77","rs9636107","G","A","G","A",0.0762009,0.000304895,0.470927,0.470927,FALSE,FALSE,FALSE,"ukb-b-19255","18","53200117",0.000210801,460340,0.15,"Fractured bone site(s): Arm || id:ukb-b-19255","Fractured bone site(s): Arm","Fractured bone site(s): Arm ||  || ",TRUE,"igd",NA,NA,NA,NA,NA,NA,NA,9.09076e-13,53200117,0.0107,"18",82315,"ieu-a-22","Schizophrenia || id:ieu-a-22",TRUE,"reported","igd",2,1,TRUE,0.529073,0.470927,0.000615752471080052,50.7156614458701
